{
    "final_reproj_error": 0.8075206464599529,
    "fps": 0.0,
    "image_height": 2028,
    "image_width": 2704,
    "intrinsic_type": "FISHEYE",
    "intrinsics": {
        "aspect_ratio": 1.0004069379203744,
        "focal_length": 949.9023356837614,
        "principal_pt_x": 1349.240552697083,
        "principal_pt_y": 1011.7289813128605,
        "radial_distortion_1": -0.05066648268568398,
        "radial_distortion_2": -0.07317547036422462,
        "radial_distortion_3": 0.08906277617541654,
        "radial_distortion_4": -0.035301772424673056,
        "skew": 0.0
    },
    "nr_calib_images": 0,
    "stabelized": false
}